Month, Interest Paid(A), Principal Paid(B), EMI(A+B), Principal Pending
 1, 56.000000, 0.000000, 56.000000, 10000.000000 
  2, 56.000000, 0.000000, 56.000000, 10000.000000 
  3, 56.000000, 1500.000000, 56.000000, 8500.000000 
  4, 47.000000, 200.000000, 47.000000, 8300.000000 
  5, 46.000000, 500.000000, 46.000000, 7800.000000 
  6, 43.000000, 1000.000000, 43.000000, 6800.000000 
 